instrument,soil_property,prep_transform,train,prep_spectra
1,carbon_org_perc,logTransform,int10CVrep10,BOC
1,carbon_org_perc,logTransform,int10CVrep10,raw
1,carbon_org_perc,logTransform,int10CVrep10,SG1stDer
1,carbon_org_perc,logTransform,int10CVrep10,SNV
1,carbon_org_perc,logTransform,int10CVrep10,SNVplusSG1stDer
1,carbon_org_perc,logTransform,int10CVrep10,wavelet
1,clay_perc,withoutTransform,int10CVrep10,BOC
1,clay_perc,withoutTransform,int10CVrep10,raw
1,clay_perc,withoutTransform,int10CVrep10,SG1stDer
1,clay_perc,withoutTransform,int10CVrep10,SNV
1,clay_perc,withoutTransform,int10CVrep10,SNVplusSG1stDer
1,clay_perc,withoutTransform,int10CVrep10,wavelet
1,pH_H20,withoutTransform,int10CVrep10,BOC
1,pH_H20,withoutTransform,int10CVrep10,raw
1,pH_H20,withoutTransform,int10CVrep10,SG1stDer
1,pH_H20,withoutTransform,int10CVrep10,SNV
1,pH_H20,withoutTransform,int10CVrep10,SNVplusSG1stDer
1,pH_H20,withoutTransform,int10CVrep10,wavelet
1,potassium_cmolkg,logTransform,int10CVrep10,BOC
1,potassium_cmolkg,logTransform,int10CVrep10,raw
1,potassium_cmolkg,logTransform,int10CVrep10,SG1stDer
1,potassium_cmolkg,logTransform,int10CVrep10,SNV
1,potassium_cmolkg,logTransform,int10CVrep10,SNVplusSG1stDer
1,potassium_cmolkg,logTransform,int10CVrep10,wavelet
2,carbon_org_perc,logTransform,int10CVrep10,BOC
2,carbon_org_perc,logTransform,int10CVrep10,raw
2,carbon_org_perc,logTransform,int10CVrep10,SG1stDer
2,carbon_org_perc,logTransform,int10CVrep10,SNV
2,carbon_org_perc,logTransform,int10CVrep10,SNVplusSG1stDer
2,carbon_org_perc,logTransform,int10CVrep10,wavelet
2,clay_perc,withoutTransform,int10CVrep10,BOC
2,clay_perc,withoutTransform,int10CVrep10,raw
2,clay_perc,withoutTransform,int10CVrep10,SG1stDer
2,clay_perc,withoutTransform,int10CVrep10,SNV
2,clay_perc,withoutTransform,int10CVrep10,SNVplusSG1stDer
2,clay_perc,withoutTransform,int10CVrep10,wavelet
2,pH_H20,withoutTransform,int10CVrep10,BOC
2,pH_H20,withoutTransform,int10CVrep10,raw
2,pH_H20,withoutTransform,int10CVrep10,SG1stDer
2,pH_H20,withoutTransform,int10CVrep10,SNV
2,pH_H20,withoutTransform,int10CVrep10,SNVplusSG1stDer
2,pH_H20,withoutTransform,int10CVrep10,wavelet
2,potassium_cmolkg,logTransform,int10CVrep10,BOC
2,potassium_cmolkg,logTransform,int10CVrep10,raw
2,potassium_cmolkg,logTransform,int10CVrep10,SG1stDer
2,potassium_cmolkg,logTransform,int10CVrep10,SNV
2,potassium_cmolkg,logTransform,int10CVrep10,SNVplusSG1stDer
2,potassium_cmolkg,logTransform,int10CVrep10,wavelet
3,carbon_org_perc,logTransform,int10CVrep10,BOC
3,carbon_org_perc,logTransform,int10CVrep10,raw
3,carbon_org_perc,logTransform,int10CVrep10,SG1stDer
3,carbon_org_perc,logTransform,int10CVrep10,SNV
3,carbon_org_perc,logTransform,int10CVrep10,SNVplusSG1stDer
3,carbon_org_perc,logTransform,int10CVrep10,wavelet
3,clay_perc,withoutTransform,int10CVrep10,BOC
3,clay_perc,withoutTransform,int10CVrep10,raw
3,clay_perc,withoutTransform,int10CVrep10,SG1stDer
3,clay_perc,withoutTransform,int10CVrep10,SNV
3,clay_perc,withoutTransform,int10CVrep10,SNVplusSG1stDer
3,clay_perc,withoutTransform,int10CVrep10,wavelet
3,pH_H20,withoutTransform,int10CVrep10,BOC
3,pH_H20,withoutTransform,int10CVrep10,raw
3,pH_H20,withoutTransform,int10CVrep10,SG1stDer
3,pH_H20,withoutTransform,int10CVrep10,SNV
3,pH_H20,withoutTransform,int10CVrep10,SNVplusSG1stDer
3,pH_H20,withoutTransform,int10CVrep10,wavelet
3,potassium_cmolkg,logTransform,int10CVrep10,BOC
3,potassium_cmolkg,logTransform,int10CVrep10,raw
3,potassium_cmolkg,logTransform,int10CVrep10,SG1stDer
3,potassium_cmolkg,logTransform,int10CVrep10,SNV
3,potassium_cmolkg,logTransform,int10CVrep10,SNVplusSG1stDer
3,potassium_cmolkg,logTransform,int10CVrep10,wavelet
4,carbon_org_perc,logTransform,int10CVrep10,BOC
4,carbon_org_perc,logTransform,int10CVrep10,raw
4,carbon_org_perc,logTransform,int10CVrep10,SG1stDer
4,carbon_org_perc,logTransform,int10CVrep10,SNV
4,carbon_org_perc,logTransform,int10CVrep10,SNVplusSG1stDer
4,carbon_org_perc,logTransform,int10CVrep10,wavelet
4,clay_perc,withoutTransform,int10CVrep10,BOC
4,clay_perc,withoutTransform,int10CVrep10,raw
4,clay_perc,withoutTransform,int10CVrep10,SG1stDer
4,clay_perc,withoutTransform,int10CVrep10,SNV
4,clay_perc,withoutTransform,int10CVrep10,SNVplusSG1stDer
4,clay_perc,withoutTransform,int10CVrep10,wavelet
4,pH_H20,withoutTransform,int10CVrep10,BOC
4,pH_H20,withoutTransform,int10CVrep10,raw
4,pH_H20,withoutTransform,int10CVrep10,SG1stDer
4,pH_H20,withoutTransform,int10CVrep10,SNV
4,pH_H20,withoutTransform,int10CVrep10,SNVplusSG1stDer
4,pH_H20,withoutTransform,int10CVrep10,wavelet
4,potassium_cmolkg,logTransform,int10CVrep10,BOC
4,potassium_cmolkg,logTransform,int10CVrep10,raw
4,potassium_cmolkg,logTransform,int10CVrep10,SG1stDer
4,potassium_cmolkg,logTransform,int10CVrep10,SNV
4,potassium_cmolkg,logTransform,int10CVrep10,SNVplusSG1stDer
4,potassium_cmolkg,logTransform,int10CVrep10,wavelet
5,carbon_org_perc,logTransform,int10CVrep10,BOC
5,carbon_org_perc,logTransform,int10CVrep10,raw
5,carbon_org_perc,logTransform,int10CVrep10,SG1stDer
5,carbon_org_perc,logTransform,int10CVrep10,SNV
5,carbon_org_perc,logTransform,int10CVrep10,SNVplusSG1stDer
5,carbon_org_perc,logTransform,int10CVrep10,wavelet
5,clay_perc,withoutTransform,int10CVrep10,BOC
5,clay_perc,withoutTransform,int10CVrep10,raw
5,clay_perc,withoutTransform,int10CVrep10,SG1stDer
5,clay_perc,withoutTransform,int10CVrep10,SNV
5,clay_perc,withoutTransform,int10CVrep10,SNVplusSG1stDer
5,clay_perc,withoutTransform,int10CVrep10,wavelet
5,pH_H20,withoutTransform,int10CVrep10,BOC
5,pH_H20,withoutTransform,int10CVrep10,raw
5,pH_H20,withoutTransform,int10CVrep10,SG1stDer
5,pH_H20,withoutTransform,int10CVrep10,SNV
5,pH_H20,withoutTransform,int10CVrep10,SNVplusSG1stDer
5,pH_H20,withoutTransform,int10CVrep10,wavelet
5,potassium_cmolkg,logTransform,int10CVrep10,BOC
5,potassium_cmolkg,logTransform,int10CVrep10,raw
5,potassium_cmolkg,logTransform,int10CVrep10,SG1stDer
5,potassium_cmolkg,logTransform,int10CVrep10,SNV
5,potassium_cmolkg,logTransform,int10CVrep10,SNVplusSG1stDer
5,potassium_cmolkg,logTransform,int10CVrep10,wavelet
6,carbon_org_perc,logTransform,int10CVrep10,BOC
6,carbon_org_perc,logTransform,int10CVrep10,raw
6,carbon_org_perc,logTransform,int10CVrep10,SG1stDer
6,carbon_org_perc,logTransform,int10CVrep10,SNV
6,carbon_org_perc,logTransform,int10CVrep10,SNVplusSG1stDer
6,carbon_org_perc,logTransform,int10CVrep10,wavelet
6,clay_perc,withoutTransform,int10CVrep10,BOC
6,clay_perc,withoutTransform,int10CVrep10,raw
6,clay_perc,withoutTransform,int10CVrep10,SG1stDer
6,clay_perc,withoutTransform,int10CVrep10,SNV
6,clay_perc,withoutTransform,int10CVrep10,SNVplusSG1stDer
6,clay_perc,withoutTransform,int10CVrep10,wavelet
6,pH_H20,withoutTransform,int10CVrep10,BOC
6,pH_H20,withoutTransform,int10CVrep10,raw
6,pH_H20,withoutTransform,int10CVrep10,SG1stDer
6,pH_H20,withoutTransform,int10CVrep10,SNV
6,pH_H20,withoutTransform,int10CVrep10,SNVplusSG1stDer
6,pH_H20,withoutTransform,int10CVrep10,wavelet
6,potassium_cmolkg,logTransform,int10CVrep10,BOC
6,potassium_cmolkg,logTransform,int10CVrep10,raw
6,potassium_cmolkg,logTransform,int10CVrep10,SG1stDer
6,potassium_cmolkg,logTransform,int10CVrep10,SNV
6,potassium_cmolkg,logTransform,int10CVrep10,SNVplusSG1stDer
6,potassium_cmolkg,logTransform,int10CVrep10,wavelet
7,carbon_org_perc,logTransform,int10CVrep10,BOC
7,carbon_org_perc,logTransform,int10CVrep10,raw
7,carbon_org_perc,logTransform,int10CVrep10,SG1stDer
7,carbon_org_perc,logTransform,int10CVrep10,SNV
7,carbon_org_perc,logTransform,int10CVrep10,SNVplusSG1stDer
7,carbon_org_perc,logTransform,int10CVrep10,wavelet
7,clay_perc,withoutTransform,int10CVrep10,BOC
7,clay_perc,withoutTransform,int10CVrep10,raw
7,clay_perc,withoutTransform,int10CVrep10,SG1stDer
7,clay_perc,withoutTransform,int10CVrep10,SNV
7,clay_perc,withoutTransform,int10CVrep10,SNVplusSG1stDer
7,clay_perc,withoutTransform,int10CVrep10,wavelet
7,pH_H20,withoutTransform,int10CVrep10,BOC
7,pH_H20,withoutTransform,int10CVrep10,raw
7,pH_H20,withoutTransform,int10CVrep10,SG1stDer
7,pH_H20,withoutTransform,int10CVrep10,SNV
7,pH_H20,withoutTransform,int10CVrep10,SNVplusSG1stDer
7,pH_H20,withoutTransform,int10CVrep10,wavelet
7,potassium_cmolkg,logTransform,int10CVrep10,BOC
7,potassium_cmolkg,logTransform,int10CVrep10,raw
7,potassium_cmolkg,logTransform,int10CVrep10,SG1stDer
7,potassium_cmolkg,logTransform,int10CVrep10,SNV
7,potassium_cmolkg,logTransform,int10CVrep10,SNVplusSG1stDer
7,potassium_cmolkg,logTransform,int10CVrep10,wavelet
8,carbon_org_perc,logTransform,int10CVrep10,BOC
8,carbon_org_perc,logTransform,int10CVrep10,raw
8,carbon_org_perc,logTransform,int10CVrep10,SG1stDer
8,carbon_org_perc,logTransform,int10CVrep10,SNV
8,carbon_org_perc,logTransform,int10CVrep10,SNVplusSG1stDer
8,carbon_org_perc,logTransform,int10CVrep10,wavelet
8,clay_perc,withoutTransform,int10CVrep10,BOC
8,clay_perc,withoutTransform,int10CVrep10,raw
8,clay_perc,withoutTransform,int10CVrep10,SG1stDer
8,clay_perc,withoutTransform,int10CVrep10,SNV
8,clay_perc,withoutTransform,int10CVrep10,SNVplusSG1stDer
8,clay_perc,withoutTransform,int10CVrep10,wavelet
8,pH_H20,withoutTransform,int10CVrep10,BOC
8,pH_H20,withoutTransform,int10CVrep10,raw
8,pH_H20,withoutTransform,int10CVrep10,SG1stDer
8,pH_H20,withoutTransform,int10CVrep10,SNV
8,pH_H20,withoutTransform,int10CVrep10,SNVplusSG1stDer
8,pH_H20,withoutTransform,int10CVrep10,wavelet
8,potassium_cmolkg,logTransform,int10CVrep10,BOC
8,potassium_cmolkg,logTransform,int10CVrep10,raw
8,potassium_cmolkg,logTransform,int10CVrep10,SG1stDer
8,potassium_cmolkg,logTransform,int10CVrep10,SNV
8,potassium_cmolkg,logTransform,int10CVrep10,SNVplusSG1stDer
8,potassium_cmolkg,logTransform,int10CVrep10,wavelet
9,carbon_org_perc,logTransform,int10CVrep10,BOC
9,carbon_org_perc,logTransform,int10CVrep10,raw
9,carbon_org_perc,logTransform,int10CVrep10,SG1stDer
9,carbon_org_perc,logTransform,int10CVrep10,SNV
9,carbon_org_perc,logTransform,int10CVrep10,SNVplusSG1stDer
9,carbon_org_perc,logTransform,int10CVrep10,wavelet
9,clay_perc,withoutTransform,int10CVrep10,BOC
9,clay_perc,withoutTransform,int10CVrep10,raw
9,clay_perc,withoutTransform,int10CVrep10,SG1stDer
9,clay_perc,withoutTransform,int10CVrep10,SNV
9,clay_perc,withoutTransform,int10CVrep10,SNVplusSG1stDer
9,clay_perc,withoutTransform,int10CVrep10,wavelet
9,pH_H20,withoutTransform,int10CVrep10,BOC
9,pH_H20,withoutTransform,int10CVrep10,raw
9,pH_H20,withoutTransform,int10CVrep10,SG1stDer
9,pH_H20,withoutTransform,int10CVrep10,SNV
9,pH_H20,withoutTransform,int10CVrep10,SNVplusSG1stDer
9,pH_H20,withoutTransform,int10CVrep10,wavelet
9,potassium_cmolkg,logTransform,int10CVrep10,BOC
9,potassium_cmolkg,logTransform,int10CVrep10,raw
9,potassium_cmolkg,logTransform,int10CVrep10,SG1stDer
9,potassium_cmolkg,logTransform,int10CVrep10,SNV
9,potassium_cmolkg,logTransform,int10CVrep10,SNVplusSG1stDer
9,potassium_cmolkg,logTransform,int10CVrep10,wavelet
10,carbon_org_perc,logTransform,int10CVrep10,BOC
10,carbon_org_perc,logTransform,int10CVrep10,raw
10,carbon_org_perc,logTransform,int10CVrep10,SG1stDer
10,carbon_org_perc,logTransform,int10CVrep10,SNV
10,carbon_org_perc,logTransform,int10CVrep10,SNVplusSG1stDer
10,carbon_org_perc,logTransform,int10CVrep10,wavelet
10,clay_perc,withoutTransform,int10CVrep10,BOC
10,clay_perc,withoutTransform,int10CVrep10,raw
10,clay_perc,withoutTransform,int10CVrep10,SG1stDer
10,clay_perc,withoutTransform,int10CVrep10,SNV
10,clay_perc,withoutTransform,int10CVrep10,SNVplusSG1stDer
10,clay_perc,withoutTransform,int10CVrep10,wavelet
10,pH_H20,withoutTransform,int10CVrep10,BOC
10,pH_H20,withoutTransform,int10CVrep10,raw
10,pH_H20,withoutTransform,int10CVrep10,SG1stDer
10,pH_H20,withoutTransform,int10CVrep10,SNV
10,pH_H20,withoutTransform,int10CVrep10,SNVplusSG1stDer
10,pH_H20,withoutTransform,int10CVrep10,wavelet
10,potassium_cmolkg,logTransform,int10CVrep10,BOC
10,potassium_cmolkg,logTransform,int10CVrep10,raw
10,potassium_cmolkg,logTransform,int10CVrep10,SG1stDer
10,potassium_cmolkg,logTransform,int10CVrep10,SNV
10,potassium_cmolkg,logTransform,int10CVrep10,SNVplusSG1stDer
10,potassium_cmolkg,logTransform,int10CVrep10,wavelet
11,carbon_org_perc,logTransform,int10CVrep10,BOC
11,carbon_org_perc,logTransform,int10CVrep10,raw
11,carbon_org_perc,logTransform,int10CVrep10,SG1stDer
11,carbon_org_perc,logTransform,int10CVrep10,SNV
11,carbon_org_perc,logTransform,int10CVrep10,SNVplusSG1stDer
11,carbon_org_perc,logTransform,int10CVrep10,wavelet
11,clay_perc,withoutTransform,int10CVrep10,BOC
11,clay_perc,withoutTransform,int10CVrep10,raw
11,clay_perc,withoutTransform,int10CVrep10,SG1stDer
11,clay_perc,withoutTransform,int10CVrep10,SNV
11,clay_perc,withoutTransform,int10CVrep10,SNVplusSG1stDer
11,clay_perc,withoutTransform,int10CVrep10,wavelet
11,pH_H20,withoutTransform,int10CVrep10,BOC
11,pH_H20,withoutTransform,int10CVrep10,raw
11,pH_H20,withoutTransform,int10CVrep10,SG1stDer
11,pH_H20,withoutTransform,int10CVrep10,SNV
11,pH_H20,withoutTransform,int10CVrep10,SNVplusSG1stDer
11,pH_H20,withoutTransform,int10CVrep10,wavelet
11,potassium_cmolkg,logTransform,int10CVrep10,BOC
11,potassium_cmolkg,logTransform,int10CVrep10,raw
11,potassium_cmolkg,logTransform,int10CVrep10,SG1stDer
11,potassium_cmolkg,logTransform,int10CVrep10,SNV
11,potassium_cmolkg,logTransform,int10CVrep10,SNVplusSG1stDer
11,potassium_cmolkg,logTransform,int10CVrep10,wavelet
12,carbon_org_perc,logTransform,int10CVrep10,BOC
12,carbon_org_perc,logTransform,int10CVrep10,raw
12,carbon_org_perc,logTransform,int10CVrep10,SG1stDer
12,carbon_org_perc,logTransform,int10CVrep10,SNV
12,carbon_org_perc,logTransform,int10CVrep10,SNVplusSG1stDer
12,carbon_org_perc,logTransform,int10CVrep10,wavelet
12,clay_perc,withoutTransform,int10CVrep10,BOC
12,clay_perc,withoutTransform,int10CVrep10,raw
12,clay_perc,withoutTransform,int10CVrep10,SG1stDer
12,clay_perc,withoutTransform,int10CVrep10,SNV
12,clay_perc,withoutTransform,int10CVrep10,SNVplusSG1stDer
12,clay_perc,withoutTransform,int10CVrep10,wavelet
12,pH_H20,withoutTransform,int10CVrep10,BOC
12,pH_H20,withoutTransform,int10CVrep10,raw
12,pH_H20,withoutTransform,int10CVrep10,SG1stDer
12,pH_H20,withoutTransform,int10CVrep10,SNV
12,pH_H20,withoutTransform,int10CVrep10,SNVplusSG1stDer
12,pH_H20,withoutTransform,int10CVrep10,wavelet
12,potassium_cmolkg,logTransform,int10CVrep10,BOC
12,potassium_cmolkg,logTransform,int10CVrep10,raw
12,potassium_cmolkg,logTransform,int10CVrep10,SG1stDer
12,potassium_cmolkg,logTransform,int10CVrep10,SNV
12,potassium_cmolkg,logTransform,int10CVrep10,SNVplusSG1stDer
12,potassium_cmolkg,logTransform,int10CVrep10,wavelet
13,carbon_org_perc,logTransform,int10CVrep10,BOC
13,carbon_org_perc,logTransform,int10CVrep10,raw
13,carbon_org_perc,logTransform,int10CVrep10,SG1stDer
13,carbon_org_perc,logTransform,int10CVrep10,SNV
13,carbon_org_perc,logTransform,int10CVrep10,SNVplusSG1stDer
13,carbon_org_perc,logTransform,int10CVrep10,wavelet
13,clay_perc,withoutTransform,int10CVrep10,BOC
13,clay_perc,withoutTransform,int10CVrep10,raw
13,clay_perc,withoutTransform,int10CVrep10,SG1stDer
13,clay_perc,withoutTransform,int10CVrep10,SNV
13,clay_perc,withoutTransform,int10CVrep10,SNVplusSG1stDer
13,clay_perc,withoutTransform,int10CVrep10,wavelet
13,pH_H20,withoutTransform,int10CVrep10,BOC
13,pH_H20,withoutTransform,int10CVrep10,raw
13,pH_H20,withoutTransform,int10CVrep10,SG1stDer
13,pH_H20,withoutTransform,int10CVrep10,SNV
13,pH_H20,withoutTransform,int10CVrep10,SNVplusSG1stDer
13,pH_H20,withoutTransform,int10CVrep10,wavelet
13,potassium_cmolkg,logTransform,int10CVrep10,BOC
13,potassium_cmolkg,logTransform,int10CVrep10,raw
13,potassium_cmolkg,logTransform,int10CVrep10,SG1stDer
13,potassium_cmolkg,logTransform,int10CVrep10,SNV
13,potassium_cmolkg,logTransform,int10CVrep10,SNVplusSG1stDer
13,potassium_cmolkg,logTransform,int10CVrep10,wavelet
14,carbon_org_perc,logTransform,int10CVrep10,BOC
14,carbon_org_perc,logTransform,int10CVrep10,raw
14,carbon_org_perc,logTransform,int10CVrep10,SG1stDer
14,carbon_org_perc,logTransform,int10CVrep10,SNV
14,carbon_org_perc,logTransform,int10CVrep10,SNVplusSG1stDer
14,carbon_org_perc,logTransform,int10CVrep10,wavelet
14,clay_perc,withoutTransform,int10CVrep10,BOC
14,clay_perc,withoutTransform,int10CVrep10,raw
14,clay_perc,withoutTransform,int10CVrep10,SG1stDer
14,clay_perc,withoutTransform,int10CVrep10,SNV
14,clay_perc,withoutTransform,int10CVrep10,SNVplusSG1stDer
14,clay_perc,withoutTransform,int10CVrep10,wavelet
14,pH_H20,withoutTransform,int10CVrep10,BOC
14,pH_H20,withoutTransform,int10CVrep10,raw
14,pH_H20,withoutTransform,int10CVrep10,SG1stDer
14,pH_H20,withoutTransform,int10CVrep10,SNV
14,pH_H20,withoutTransform,int10CVrep10,SNVplusSG1stDer
14,pH_H20,withoutTransform,int10CVrep10,wavelet
14,potassium_cmolkg,logTransform,int10CVrep10,BOC
14,potassium_cmolkg,logTransform,int10CVrep10,raw
14,potassium_cmolkg,logTransform,int10CVrep10,SG1stDer
14,potassium_cmolkg,logTransform,int10CVrep10,SNV
14,potassium_cmolkg,logTransform,int10CVrep10,SNVplusSG1stDer
14,potassium_cmolkg,logTransform,int10CVrep10,wavelet
15,carbon_org_perc,logTransform,int10CVrep10,BOC
15,carbon_org_perc,logTransform,int10CVrep10,raw
15,carbon_org_perc,logTransform,int10CVrep10,SG1stDer
15,carbon_org_perc,logTransform,int10CVrep10,SNV
15,carbon_org_perc,logTransform,int10CVrep10,SNVplusSG1stDer
15,carbon_org_perc,logTransform,int10CVrep10,wavelet
15,clay_perc,withoutTransform,int10CVrep10,BOC
15,clay_perc,withoutTransform,int10CVrep10,raw
15,clay_perc,withoutTransform,int10CVrep10,SG1stDer
15,clay_perc,withoutTransform,int10CVrep10,SNV
15,clay_perc,withoutTransform,int10CVrep10,SNVplusSG1stDer
15,clay_perc,withoutTransform,int10CVrep10,wavelet
15,pH_H20,withoutTransform,int10CVrep10,BOC
15,pH_H20,withoutTransform,int10CVrep10,raw
15,pH_H20,withoutTransform,int10CVrep10,SG1stDer
15,pH_H20,withoutTransform,int10CVrep10,SNV
15,pH_H20,withoutTransform,int10CVrep10,SNVplusSG1stDer
15,pH_H20,withoutTransform,int10CVrep10,wavelet
15,potassium_cmolkg,logTransform,int10CVrep10,BOC
15,potassium_cmolkg,logTransform,int10CVrep10,raw
15,potassium_cmolkg,logTransform,int10CVrep10,SG1stDer
15,potassium_cmolkg,logTransform,int10CVrep10,SNV
15,potassium_cmolkg,logTransform,int10CVrep10,SNVplusSG1stDer
15,potassium_cmolkg,logTransform,int10CVrep10,wavelet
16,carbon_org_perc,logTransform,int10CVrep10,BOC
16,carbon_org_perc,logTransform,int10CVrep10,raw
16,carbon_org_perc,logTransform,int10CVrep10,SG1stDer
16,carbon_org_perc,logTransform,int10CVrep10,SNV
16,carbon_org_perc,logTransform,int10CVrep10,SNVplusSG1stDer
16,carbon_org_perc,logTransform,int10CVrep10,wavelet
16,clay_perc,withoutTransform,int10CVrep10,BOC
16,clay_perc,withoutTransform,int10CVrep10,raw
16,clay_perc,withoutTransform,int10CVrep10,SG1stDer
16,clay_perc,withoutTransform,int10CVrep10,SNV
16,clay_perc,withoutTransform,int10CVrep10,SNVplusSG1stDer
16,clay_perc,withoutTransform,int10CVrep10,wavelet
16,pH_H20,withoutTransform,int10CVrep10,BOC
16,pH_H20,withoutTransform,int10CVrep10,raw
16,pH_H20,withoutTransform,int10CVrep10,SG1stDer
16,pH_H20,withoutTransform,int10CVrep10,SNV
16,pH_H20,withoutTransform,int10CVrep10,SNVplusSG1stDer
16,pH_H20,withoutTransform,int10CVrep10,wavelet
16,potassium_cmolkg,logTransform,int10CVrep10,BOC
16,potassium_cmolkg,logTransform,int10CVrep10,raw
16,potassium_cmolkg,logTransform,int10CVrep10,SG1stDer
16,potassium_cmolkg,logTransform,int10CVrep10,SNV
16,potassium_cmolkg,logTransform,int10CVrep10,SNVplusSG1stDer
16,potassium_cmolkg,logTransform,int10CVrep10,wavelet
17,carbon_org_perc,logTransform,int10CVrep10,BOC
17,carbon_org_perc,logTransform,int10CVrep10,raw
17,carbon_org_perc,logTransform,int10CVrep10,SG1stDer
17,carbon_org_perc,logTransform,int10CVrep10,SNV
17,carbon_org_perc,logTransform,int10CVrep10,SNVplusSG1stDer
17,carbon_org_perc,logTransform,int10CVrep10,wavelet
17,clay_perc,withoutTransform,int10CVrep10,BOC
17,clay_perc,withoutTransform,int10CVrep10,raw
17,clay_perc,withoutTransform,int10CVrep10,SG1stDer
17,clay_perc,withoutTransform,int10CVrep10,SNV
17,clay_perc,withoutTransform,int10CVrep10,SNVplusSG1stDer
17,clay_perc,withoutTransform,int10CVrep10,wavelet
17,pH_H20,withoutTransform,int10CVrep10,BOC
17,pH_H20,withoutTransform,int10CVrep10,raw
17,pH_H20,withoutTransform,int10CVrep10,SG1stDer
17,pH_H20,withoutTransform,int10CVrep10,SNV
17,pH_H20,withoutTransform,int10CVrep10,SNVplusSG1stDer
17,pH_H20,withoutTransform,int10CVrep10,wavelet
17,potassium_cmolkg,logTransform,int10CVrep10,BOC
17,potassium_cmolkg,logTransform,int10CVrep10,raw
17,potassium_cmolkg,logTransform,int10CVrep10,SG1stDer
17,potassium_cmolkg,logTransform,int10CVrep10,SNV
17,potassium_cmolkg,logTransform,int10CVrep10,SNVplusSG1stDer
17,potassium_cmolkg,logTransform,int10CVrep10,wavelet
18,carbon_org_perc,logTransform,int10CVrep10,BOC
18,carbon_org_perc,logTransform,int10CVrep10,raw
18,carbon_org_perc,logTransform,int10CVrep10,SG1stDer
18,carbon_org_perc,logTransform,int10CVrep10,SNV
18,carbon_org_perc,logTransform,int10CVrep10,SNVplusSG1stDer
18,carbon_org_perc,logTransform,int10CVrep10,wavelet
18,clay_perc,withoutTransform,int10CVrep10,BOC
18,clay_perc,withoutTransform,int10CVrep10,raw
18,clay_perc,withoutTransform,int10CVrep10,SG1stDer
18,clay_perc,withoutTransform,int10CVrep10,SNV
18,clay_perc,withoutTransform,int10CVrep10,SNVplusSG1stDer
18,clay_perc,withoutTransform,int10CVrep10,wavelet
18,pH_H20,withoutTransform,int10CVrep10,BOC
18,pH_H20,withoutTransform,int10CVrep10,raw
18,pH_H20,withoutTransform,int10CVrep10,SG1stDer
18,pH_H20,withoutTransform,int10CVrep10,SNV
18,pH_H20,withoutTransform,int10CVrep10,SNVplusSG1stDer
18,pH_H20,withoutTransform,int10CVrep10,wavelet
18,potassium_cmolkg,logTransform,int10CVrep10,BOC
18,potassium_cmolkg,logTransform,int10CVrep10,raw
18,potassium_cmolkg,logTransform,int10CVrep10,SG1stDer
18,potassium_cmolkg,logTransform,int10CVrep10,SNV
18,potassium_cmolkg,logTransform,int10CVrep10,SNVplusSG1stDer
18,potassium_cmolkg,logTransform,int10CVrep10,wavelet
19,carbon_org_perc,logTransform,int10CVrep10,BOC
19,carbon_org_perc,logTransform,int10CVrep10,raw
19,carbon_org_perc,logTransform,int10CVrep10,SG1stDer
19,carbon_org_perc,logTransform,int10CVrep10,SNV
19,carbon_org_perc,logTransform,int10CVrep10,SNVplusSG1stDer
19,carbon_org_perc,logTransform,int10CVrep10,wavelet
19,clay_perc,withoutTransform,int10CVrep10,BOC
19,clay_perc,withoutTransform,int10CVrep10,raw
19,clay_perc,withoutTransform,int10CVrep10,SG1stDer
19,clay_perc,withoutTransform,int10CVrep10,SNV
19,clay_perc,withoutTransform,int10CVrep10,SNVplusSG1stDer
19,clay_perc,withoutTransform,int10CVrep10,wavelet
19,pH_H20,withoutTransform,int10CVrep10,BOC
19,pH_H20,withoutTransform,int10CVrep10,raw
19,pH_H20,withoutTransform,int10CVrep10,SG1stDer
19,pH_H20,withoutTransform,int10CVrep10,SNV
19,pH_H20,withoutTransform,int10CVrep10,SNVplusSG1stDer
19,pH_H20,withoutTransform,int10CVrep10,wavelet
19,potassium_cmolkg,logTransform,int10CVrep10,BOC
19,potassium_cmolkg,logTransform,int10CVrep10,raw
19,potassium_cmolkg,logTransform,int10CVrep10,SG1stDer
19,potassium_cmolkg,logTransform,int10CVrep10,SNV
19,potassium_cmolkg,logTransform,int10CVrep10,SNVplusSG1stDer
19,potassium_cmolkg,logTransform,int10CVrep10,wavelet
20,carbon_org_perc,logTransform,int10CVrep10,BOC
20,carbon_org_perc,logTransform,int10CVrep10,raw
20,carbon_org_perc,logTransform,int10CVrep10,SG1stDer
20,carbon_org_perc,logTransform,int10CVrep10,SNV
20,carbon_org_perc,logTransform,int10CVrep10,SNVplusSG1stDer
20,carbon_org_perc,logTransform,int10CVrep10,wavelet
20,clay_perc,withoutTransform,int10CVrep10,BOC
20,clay_perc,withoutTransform,int10CVrep10,raw
20,clay_perc,withoutTransform,int10CVrep10,SG1stDer
20,clay_perc,withoutTransform,int10CVrep10,SNV
20,clay_perc,withoutTransform,int10CVrep10,SNVplusSG1stDer
20,clay_perc,withoutTransform,int10CVrep10,wavelet
20,pH_H20,withoutTransform,int10CVrep10,BOC
20,pH_H20,withoutTransform,int10CVrep10,raw
20,pH_H20,withoutTransform,int10CVrep10,SG1stDer
20,pH_H20,withoutTransform,int10CVrep10,SNV
20,pH_H20,withoutTransform,int10CVrep10,SNVplusSG1stDer
20,pH_H20,withoutTransform,int10CVrep10,wavelet
20,potassium_cmolkg,logTransform,int10CVrep10,BOC
20,potassium_cmolkg,logTransform,int10CVrep10,raw
20,potassium_cmolkg,logTransform,int10CVrep10,SG1stDer
20,potassium_cmolkg,logTransform,int10CVrep10,SNV
20,potassium_cmolkg,logTransform,int10CVrep10,SNVplusSG1stDer
20,potassium_cmolkg,logTransform,int10CVrep10,wavelet
